GameDate,GameID,Home,Away
2014-10-08,20001,TORONTO,MONTREAL
2014-10-08,20002,BOSTON,PHILADELPHIA
2014-10-08,20003,CALGARY,VANCOUVER
2014-10-08,20004,LOS ANGELES,SAN JOSE
2014-10-09,20005,BUFFALO,COLUMBUS
2014-10-09,20006,PHILADELPHIA,NEW JERSEY
2014-10-09,20007,PITTSBURGH,ANAHEIM
2014-10-09,20008,WASHINGTON,MONTREAL
2014-10-09,20009,DETROIT,BOSTON
2014-10-09,20010,TAMPA BAY,FLORIDA
2014-10-09,20011,ST. LOUIS,NY RANGERS
2014-10-09,20012,NASHVILLE,OTTAWA
2014-10-09,20013,DALLAS,CHICAGO
2014-10-09,20014,MINNESOTA,COLORADO
2014-10-09,20015,EDMONTON,CALGARY
2014-10-09,20016,ARIZONA,WINNIPEG
2014-10-10,20017,CAROLINA,NY ISLANDERS
2014-10-11,20018,BOSTON,WASHINGTON
2014-10-11,20019,TORONTO,PITTSBURGH
2014-10-11,20020,DETROIT,ANAHEIM
2014-10-11,20021,TAMPA BAY,OTTAWA
2014-10-11,20022,FLORIDA,NEW JERSEY
2014-10-11,20023,NY ISLANDERS,CAROLINA
2014-10-11,20024,PHILADELPHIA,MONTREAL
2014-10-11,20025,COLUMBUS,NY RANGERS
2014-10-11,20026,ST. LOUIS,CALGARY
2014-10-11,20027,NASHVILLE,DALLAS
2014-10-11,20028,CHICAGO,BUFFALO
2014-10-11,20029,COLORADO,MINNESOTA
2014-10-11,20030,ARIZONA,LOS ANGELES
2014-10-11,20031,VANCOUVER,EDMONTON
2014-10-11,20032,SAN JOSE,WINNIPEG
2014-10-12,20033,NY RANGERS,TORONTO
2014-10-12,20034,LOS ANGELES,WINNIPEG
2014-10-13,20035,BOSTON,COLORADO
2014-10-13,20036,BUFFALO,ANAHEIM
2014-10-13,20037,FLORIDA,OTTAWA
2014-10-13,21194,TAMPA BAY,MONTREAL
2014-10-14,20038,NY RANGERS,NY ISLANDERS
2014-10-14,20039,PHILADELPHIA,ANAHEIM
2014-10-14,20040,WASHINGTON,SAN JOSE
2014-10-14,20042,COLUMBUS,DALLAS
2014-10-14,20041,CAROLINA,BUFFALO
2014-10-14,20043,TORONTO,COLORADO
2014-10-14,20044,TAMPA BAY,NEW JERSEY
2014-10-14,20045,NASHVILLE,CALGARY
2014-10-14,20046,LOS ANGELES,EDMONTON
2014-10-15,20047,DETROIT,BOSTON
2014-10-15,20048,CHICAGO,CALGARY
2014-10-15,20049,ARIZONA,EDMONTON
2014-10-16,20050,NY ISLANDERS,SAN JOSE
2014-10-16,20051,PITTSBURGH,DALLAS
2014-10-16,20052,WASHINGTON,NEW JERSEY
2014-10-16,20057,NY RANGERS,CAROLINA
2014-10-16,20053,MONTREAL,BOSTON
2014-10-16,20054,OTTAWA,COLORADO
2014-10-16,20055,LOS ANGELES,ST. LOUIS
2014-10-17,20056,BUFFALO,FLORIDA
2014-10-17,20058,COLUMBUS,CALGARY
2014-10-17,20059,TORONTO,DETROIT
2014-10-17,20060,WINNIPEG,NASHVILLE
2014-10-17,20061,EDMONTON,VANCOUVER
2014-10-17,20062,ANAHEIM,MINNESOTA
2014-10-18,20063,BUFFALO,BOSTON
2014-10-18,20064,MONTREAL,COLORADO
2014-10-18,20065,OTTAWA,COLUMBUS
2014-10-18,20066,DETROIT,TORONTO
2014-10-18,20067,NEW JERSEY,SAN JOSE
2014-10-18,20068,PITTSBURGH,NY ISLANDERS
2014-10-18,20069,WASHINGTON,FLORIDA
2014-10-18,20070,DALLAS,PHILADELPHIA
2014-10-18,20071,CHICAGO,NASHVILLE
2014-10-18,20072,ARIZONA,ST. LOUIS
2014-10-18,20073,VANCOUVER,TAMPA BAY
2014-10-19,20074,LOS ANGELES,MINNESOTA
2014-10-19,20075,NY RANGERS,SAN JOSE
2014-10-19,20076,WINNIPEG,CALGARY
2014-10-19,20077,ANAHEIM,ST. LOUIS
2014-10-20,20078,EDMONTON,TAMPA BAY
2014-10-21,20079,BOSTON,SAN JOSE
2014-10-21,20080,NEW JERSEY,NY RANGERS
2014-10-21,20081,NY ISLANDERS,TORONTO
2014-10-21,20082,MONTREAL,DETROIT
2014-10-21,20083,NASHVILLE,ARIZONA
2014-10-21,20084,WINNIPEG,CAROLINA
2014-10-21,20085,CHICAGO,PHILADELPHIA
2014-10-21,20086,DALLAS,VANCOUVER
2014-10-21,20087,COLORADO,FLORIDA
2014-10-21,20088,CALGARY,TAMPA BAY
2014-11-09,20089,OTTAWA,TORONTO
2014-10-22,20090,PITTSBURGH,PHILADELPHIA
2014-10-22,20091,EDMONTON,WASHINGTON
2014-10-22,20092,ANAHEIM,BUFFALO
2014-10-23,20093,BOSTON,NY ISLANDERS
2014-10-23,20094,DETROIT,PITTSBURGH
2014-10-23,20095,ST. LOUIS,VANCOUVER
2014-10-23,20096,NASHVILLE,CHICAGO
2014-10-23,20097,MINNESOTA,ARIZONA
2014-10-23,20098,CALGARY,CAROLINA
2014-10-23,20099,LOS ANGELES,BUFFALO
2014-10-23,20100,SAN JOSE,COLUMBUS
2014-10-24,20101,NEW JERSEY,DALLAS
2014-10-24,20102,WINNIPEG,TAMPA BAY
2014-10-24,20103,COLORADO,VANCOUVER
2014-10-24,20104,EDMONTON,CAROLINA
2014-10-24,20105,ANAHEIM,COLUMBUS
2014-10-25,20106,SAN JOSE,BUFFALO
2014-10-25,20107,TORONTO,BOSTON
2014-10-25,20108,MONTREAL,NY RANGERS
2014-10-25,20109,OTTAWA,NEW JERSEY
2014-10-25,20110,NY ISLANDERS,DALLAS
2014-10-25,20111,PHILADELPHIA,DETROIT
2014-10-25,20112,ST. LOUIS,CHICAGO
2014-10-25,20113,NASHVILLE,PITTSBURGH
2014-10-25,20114,MINNESOTA,TAMPA BAY
2014-10-25,20115,ARIZONA,FLORIDA
2014-10-25,20116,CALGARY,WASHINGTON
2014-10-26,20117,WINNIPEG,COLORADO
2014-10-26,20118,LOS ANGELES,COLUMBUS
2014-10-26,20119,CHICAGO,OTTAWA
2014-10-26,20120,ANAHEIM,SAN JOSE
2014-10-26,20121,VANCOUVER,WASHINGTON
2014-10-27,20122,NY RANGERS,MINNESOTA
2014-10-27,20123,EDMONTON,MONTREAL
2014-10-28,20124,BOSTON,MINNESOTA
2014-10-28,20125,NY ISLANDERS,WINNIPEG
2014-10-28,20126,PHILADELPHIA,LOS ANGELES
2014-10-28,20127,PITTSBURGH,NEW JERSEY
2014-10-28,20128,COLUMBUS,OTTAWA
2014-10-28,20129,TORONTO,BUFFALO
2014-10-28,20130,TAMPA BAY,ARIZONA
2014-10-28,20131,CHICAGO,ANAHEIM
2014-10-28,20132,DALLAS,ST. LOUIS
2014-10-28,20133,COLORADO,SAN JOSE
2014-10-28,20134,CALGARY,MONTREAL
2014-10-28,20135,VANCOUVER,CAROLINA
2014-10-29,20136,WASHINGTON,DETROIT
2014-10-29,20137,EDMONTON,NASHVILLE
2014-10-30,20138,BUFFALO,BOSTON
2014-10-30,20139,NEW JERSEY,WINNIPEG
2014-10-30,20140,PITTSBURGH,LOS ANGELES
2014-10-30,20141,OTTAWA,CHICAGO
2014-10-30,20142,TAMPA BAY,PHILADELPHIA
2014-10-30,20143,FLORIDA,ARIZONA
2014-10-30,20144,ST. LOUIS,ANAHEIM
2014-10-30,20145,MINNESOTA,SAN JOSE
2014-10-30,20146,COLORADO,NY ISLANDERS
2014-10-30,20147,VANCOUVER,MONTREAL
2014-10-31,20148,COLUMBUS,TORONTO
2014-10-31,20149,DETROIT,LOS ANGELES
2014-10-31,20150,DALLAS,ANAHEIM
2014-10-31,20151,CALGARY,NASHVILLE
2014-11-01,20153,BOSTON,OTTAWA
2014-11-01,20154,TORONTO,CHICAGO
2014-11-01,20155,TAMPA BAY,WASHINGTON
2014-11-01,20156,FLORIDA,PHILADELPHIA
2014-11-01,20157,NEW JERSEY,COLUMBUS
2014-11-01,20158,NY RANGERS,WINNIPEG
2014-11-01,20159,PITTSBURGH,BUFFALO
2014-11-01,20160,CAROLINA,ARIZONA
2014-11-01,20161,ST. LOUIS,COLORADO
2014-11-01,20162,MINNESOTA,DALLAS
2014-11-01,20163,EDMONTON,VANCOUVER
2014-11-01,20152,SAN JOSE,NY ISLANDERS
2014-11-02,20164,BUFFALO,DETROIT
2014-11-02,20165,CAROLINA,LOS ANGELES
2014-11-02,20166,MONTREAL,CALGARY
2014-11-02,20167,WASHINGTON,ARIZONA
2014-11-02,20168,COLORADO,ANAHEIM
2014-11-02,20169,CHICAGO,WINNIPEG
2014-11-02,20170,VANCOUVER,NASHVILLE
2014-11-03,20171,NY RANGERS,ST. LOUIS
2014-11-04,20172,BOSTON,FLORIDA
2014-11-04,20174,PHILADELPHIA,EDMONTON
2014-11-04,20175,WASHINGTON,CALGARY
2014-11-04,20176,COLUMBUS,CAROLINA
2014-11-04,20173,NEW JERSEY,ST. LOUIS
2014-11-04,20177,MONTREAL,CHICAGO
2014-11-04,20178,OTTAWA,DETROIT
2014-11-04,20179,MINNESOTA,PITTSBURGH
2014-11-04,20180,WINNIPEG,NASHVILLE
2014-11-04,20181,DALLAS,LOS ANGELES
2014-11-04,20182,COLORADO,VANCOUVER
2014-11-04,20183,ARIZONA,TORONTO
2014-11-05,20184,BUFFALO,MONTREAL
2014-11-05,20185,NY RANGERS,DETROIT
2014-11-05,20186,ANAHEIM,NY ISLANDERS
2014-11-06,20187,BOSTON,EDMONTON
2014-11-06,20188,PHILADELPHIA,FLORIDA
2014-11-06,20189,OTTAWA,MINNESOTA
2014-11-06,20190,TAMPA BAY,CALGARY
2014-11-06,20191,ST. LOUIS,NEW JERSEY
2014-11-06,20192,WINNIPEG,PITTSBURGH
2014-11-06,20193,DALLAS,NASHVILLE
2014-11-06,20194,COLORADO,TORONTO
2014-11-06,20195,LOS ANGELES,NY ISLANDERS
2014-11-06,20196,SAN JOSE,VANCOUVER
2014-11-07,20197,BUFFALO,EDMONTON
2014-11-07,20198,CAROLINA,COLUMBUS
2014-11-07,20199,DETROIT,NEW JERSEY
2014-11-07,20200,CHICAGO,WASHINGTON
2014-11-07,20201,ANAHEIM,ARIZONA
2014-11-08,20202,FLORIDA,CALGARY
2014-11-08,20203,BUFFALO,PITTSBURGH
2014-11-08,20204,TORONTO,NY RANGERS
2014-11-08,20205,MONTREAL,MINNESOTA
2014-11-08,20206,OTTAWA,WINNIPEG
2014-11-08,20207,PHILADELPHIA,COLORADO
2014-11-08,20208,COLUMBUS,TAMPA BAY
2014-11-08,20209,WASHINGTON,CAROLINA
2014-11-08,20210,ST. LOUIS,NASHVILLE
2014-11-08,20211,DALLAS,SAN JOSE
2014-11-08,20212,ARIZONA,NY ISLANDERS
2014-11-08,20213,LOS ANGELES,VANCOUVER
2014-11-09,20214,DETROIT,TAMPA BAY
2014-11-09,20215,NY RANGERS,EDMONTON
2014-11-09,20216,CHICAGO,SAN JOSE
2014-11-09,20217,ANAHEIM,VANCOUVER
2014-11-10,20218,BOSTON,NEW JERSEY
2014-11-10,20219,CAROLINA,CALGARY
2014-11-11,20220,NEW JERSEY,MINNESOTA
2014-11-11,20221,NY ISLANDERS,COLORADO
2014-11-11,20222,NY RANGERS,PITTSBURGH
2014-11-11,20223,WASHINGTON,COLUMBUS
2014-11-11,20224,MONTREAL,WINNIPEG
2014-11-11,20225,FLORIDA,SAN JOSE
2014-11-11,20226,ST. LOUIS,BUFFALO
2014-11-11,20227,NASHVILLE,EDMONTON
2014-11-11,20228,CHICAGO,TAMPA BAY
2014-11-11,20229,ARIZONA,DALLAS
2014-11-11,20230,VANCOUVER,OTTAWA
2014-11-12,20231,TORONTO,BOSTON
2014-11-12,20232,ANAHEIM,LOS ANGELES
2014-11-13,20233,NY RANGERS,COLORADO
2014-11-13,20234,CAROLINA,WINNIPEG
2014-11-13,20235,MONTREAL,BOSTON
2014-11-13,20236,TAMPA BAY,SAN JOSE
2014-11-13,20237,ST. LOUIS,NASHVILLE
2014-11-13,20238,MINNESOTA,BUFFALO
2014-11-13,20239,CALGARY,ARIZONA
2014-11-13,20240,EDMONTON,OTTAWA
2014-11-13,20241,LOS ANGELES,DALLAS
2014-11-14,20242,PHILADELPHIA,COLUMBUS
2014-11-14,20243,WASHINGTON,NEW JERSEY
2014-11-14,20244,TORONTO,PITTSBURGH
2014-11-14,20245,DETROIT,CHICAGO
2014-11-14,20246,FLORIDA,NY ISLANDERS
2014-11-14,20247,VANCOUVER,ARIZONA
2014-11-15,20248,BOSTON,CAROLINA
2014-11-15,20249,DALLAS,MINNESOTA
2014-11-15,20250,LOS ANGELES,ANAHEIM
2014-11-15,20251,BUFFALO,TORONTO
2014-11-15,20252,MONTREAL,PHILADELPHIA
2014-11-15,20253,TAMPA BAY,NY ISLANDERS
2014-11-15,20254,NEW JERSEY,COLORADO
2014-11-15,20255,PITTSBURGH,NY RANGERS
2014-11-15,20256,COLUMBUS,SAN JOSE
2014-11-15,20257,NASHVILLE,WINNIPEG
2014-11-15,20258,ST. LOUIS,WASHINGTON
2014-11-15,20259,CALGARY,OTTAWA
2014-11-16,20260,CAROLINA,SAN JOSE
2014-11-16,20261,MINNESOTA,WINNIPEG
2014-11-16,20262,DETROIT,MONTREAL
2014-11-16,20263,CHICAGO,DALLAS
2014-11-16,20264,ANAHEIM,FLORIDA
2014-11-16,20265,EDMONTON,ARIZONA
2014-11-17,20266,NY RANGERS,TAMPA BAY
2014-11-18,20267,BOSTON,ST. LOUIS
2014-11-18,20269,NY ISLANDERS,TAMPA BAY
2014-11-18,20270,COLUMBUS,DETROIT
2014-11-18,20268,BUFFALO,SAN JOSE
2014-11-18,20271,TORONTO,NASHVILLE
2014-11-18,20272,MONTREAL,PITTSBURGH
2014-11-18,20273,WINNIPEG,NEW JERSEY
2014-11-18,20274,DALLAS,CAROLINA
2014-11-18,20275,CALGARY,ANAHEIM
2014-11-18,20276,ARIZONA,WASHINGTON
2014-11-18,20277,LOS ANGELES,FLORIDA
2014-11-19,20278,NY RANGERS,PHILADELPHIA
2014-11-19,20279,EDMONTON,VANCOUVER
2014-11-20,20280,PHILADELPHIA,MINNESOTA
2014-11-20,20281,TORONTO,TAMPA BAY
2014-11-20,20282,MONTREAL,ST. LOUIS
2014-11-20,20283,OTTAWA,NASHVILLE
2014-11-20,20284,WINNIPEG,DETROIT
2014-11-20,20285,DALLAS,ARIZONA
2014-11-20,20286,COLORADO,WASHINGTON
2014-11-20,20287,CALGARY,CHICAGO
2014-11-20,20288,VANCOUVER,ANAHEIM
2014-11-20,20289,LOS ANGELES,CAROLINA
2014-11-20,20290,SAN JOSE,FLORIDA
NULL,20291,BUFFALO,NY RANGERS
2014-11-21,20292,PITTSBURGH,NY ISLANDERS
2014-11-21,20293,COLUMBUS,BOSTON
2014-11-21,20294,EDMONTON,NEW JERSEY
2014-11-22,20295,OTTAWA,ST. LOUIS
2014-11-22,20296,BOSTON,MONTREAL
2014-11-22,20297,TORONTO,DETROIT
2014-11-22,20298,TAMPA BAY,MINNESOTA
2014-11-22,20299,NY ISLANDERS,PITTSBURGH
2014-11-22,20300,PHILADELPHIA,COLUMBUS
2014-11-22,20301,WASHINGTON,BUFFALO
2014-11-22,20302,NASHVILLE,FLORIDA
2014-11-22,20303,DALLAS,LOS ANGELES
2014-11-22,20304,COLORADO,CAROLINA
2014-11-22,20305,CALGARY,NEW JERSEY
2014-11-22,20306,EDMONTON,CHICAGO
2014-11-22,20307,SAN JOSE,ARIZONA
2014-11-23,20308,WINNIPEG,ST. LOUIS
2014-11-23,20309,NY RANGERS,MONTREAL
2014-11-23,20310,ANAHEIM,ARIZONA
2014-11-23,20311,VANCOUVER,CHICAGO
2014-11-24,20312,BOSTON,PITTSBURGH
2014-11-24,20313,NY ISLANDERS,PHILADELPHIA
2014-11-24,20314,DETROIT,OTTAWA
2014-11-24,20315,FLORIDA,MINNESOTA
2014-11-25,20316,COLUMBUS,WINNIPEG
2014-11-25,20317,ST. LOUIS,OTTAWA
2014-11-25,20318,NASHVILLE,LOS ANGELES
2014-11-25,20319,DALLAS,EDMONTON
2014-11-25,20320,ARIZONA,COLORADO
2014-11-25,20321,VANCOUVER,NEW JERSEY
2014-11-25,20322,ANAHEIM,CALGARY
2014-11-26,20323,BUFFALO,WINNIPEG
2014-11-26,20324,NY ISLANDERS,WASHINGTON
2014-11-26,20325,DETROIT,PHILADELPHIA
2014-11-26,20326,TAMPA BAY,NY RANGERS
2014-11-26,20327,FLORIDA,CAROLINA
2014-11-26,20328,PITTSBURGH,TORONTO
2014-11-26,20329,MINNESOTA,LOS ANGELES
2014-11-26,20330,COLORADO,CHICAGO
2014-11-26,20331,SAN JOSE,CALGARY
2014-11-27,20332,NASHVILLE,EDMONTON
2014-11-28,20333,PHILADELPHIA,NY RANGERS
2014-11-28,20334,ANAHEIM,CHICAGO
2014-11-28,20335,WASHINGTON,NY ISLANDERS
2014-11-28,20336,BOSTON,WINNIPEG
2014-11-28,20337,BUFFALO,MONTREAL
2014-11-28,20338,NEW JERSEY,DETROIT
2014-11-28,20339,PITTSBURGH,CAROLINA
2014-11-28,20340,COLUMBUS,VANCOUVER
2014-11-28,20341,FLORIDA,OTTAWA
2014-11-28,20342,ST. LOUIS,EDMONTON
2014-11-28,20343,DALLAS,MINNESOTA
2014-11-29,20348,NY RANGERS,PHILADELPHIA
2014-11-29,20344,TORONTO,WASHINGTON
2014-11-29,20345,MONTREAL,BUFFALO
2014-11-29,20346,TAMPA BAY,OTTAWA
2014-11-29,20347,NY ISLANDERS,NEW JERSEY
2014-11-29,20349,CAROLINA,PITTSBURGH
2014-11-29,20350,NASHVILLE,COLUMBUS
2014-11-29,20351,MINNESOTA,ST. LOUIS
2014-11-29,20352,COLORADO,DALLAS
2014-11-29,20353,ARIZONA,CALGARY
2014-11-29,20354,LOS ANGELES,CHICAGO
2014-11-29,20355,SAN JOSE,ANAHEIM
2014-11-30,20356,DETROIT,VANCOUVER
2014-12-01,20357,NY RANGERS,TAMPA BAY
2014-12-01,20358,COLUMBUS,FLORIDA
2014-12-01,20359,COLORADO,MONTREAL
2014-12-01,20360,EDMONTON,ARIZONA
2014-12-01,20361,ANAHEIM,BOSTON
2014-12-02,20363,NY ISLANDERS,OTTAWA
2014-12-02,20364,PITTSBURGH,NEW JERSEY
2014-12-02,20365,WASHINGTON,VANCOUVER
2014-12-02,20366,CAROLINA,NASHVILLE
2014-12-02,20362,BUFFALO,TAMPA BAY
2014-12-02,20367,TORONTO,DALLAS
2014-12-02,20368,DETROIT,FLORIDA
2014-12-02,20369,CALGARY,ARIZONA
2014-12-02,20370,SAN JOSE,PHILADELPHIA
2014-12-02,20371,LOS ANGELES,BOSTON
2014-12-03,20372,MINNESOTA,MONTREAL
2014-12-03,20373,CHICAGO,ST. LOUIS
2014-12-03,20374,WINNIPEG,EDMONTON
2014-12-03,20375,ANAHEIM,PHILADELPHIA
2014-12-04,20376,PITTSBURGH,VANCOUVER
2014-12-04,20377,CAROLINA,WASHINGTON
2014-12-04,20378,TORONTO,NEW JERSEY
2014-12-04,20379,OTTAWA,NY ISLANDERS
2014-12-04,20380,DETROIT,DALLAS
2014-12-04,20381,TAMPA BAY,BUFFALO
2014-12-04,20382,FLORIDA,COLUMBUS
2014-12-04,20383,NASHVILLE,ST. LOUIS
2014-12-04,20384,CALGARY,COLORADO
2014-12-04,20385,ARIZONA,LOS ANGELES
2014-12-04,20386,SAN JOSE,BOSTON
2014-12-05,20387,MINNESOTA,ANAHEIM
2014-12-05,20388,WINNIPEG,COLORADO
2014-12-05,20389,CHICAGO,MONTREAL
2014-12-06,20390,PITTSBURGH,OTTAWA
2014-12-06,20397,NY ISLANDERS,ST. LOUIS
2014-12-06,20391,LOS ANGELES,PHILADELPHIA
2014-12-06,20392,TORONTO,VANCOUVER
2014-12-06,20393,DETROIT,NY RANGERS
2014-12-06,20394,TAMPA BAY,COLUMBUS
2014-12-06,20395,FLORIDA,BUFFALO
2014-12-06,20396,NEW JERSEY,WASHINGTON
2014-12-06,20398,NASHVILLE,CHICAGO
2014-12-06,20399,DALLAS,MONTREAL
2014-12-06,20400,ARIZONA,BOSTON
2014-12-06,20401,CALGARY,SAN JOSE
2014-12-07,20402,WINNIPEG,ANAHEIM
2014-12-07,20403,CAROLINA,DETROIT
2014-12-07,20404,OTTAWA,VANCOUVER
2014-12-07,20405,EDMONTON,SAN JOSE
2014-12-08,20406,NY RANGERS,PITTSBURGH
2014-12-08,20407,CAROLINA,NEW JERSEY
2014-12-08,20408,ST. LOUIS,FLORIDA
2014-12-09,20410,NEW JERSEY,CHICAGO
2014-12-09,20411,COLUMBUS,PHILADELPHIA
2014-12-09,20409,BUFFALO,LOS ANGELES
2014-12-09,20412,TORONTO,CALGARY
2014-12-09,20413,MONTREAL,VANCOUVER
2014-12-09,20414,TAMPA BAY,WASHINGTON
2014-12-09,20415,MINNESOTA,NY ISLANDERS
2014-12-09,20416,DALLAS,WINNIPEG
2014-12-09,20417,COLORADO,NASHVILLE
2014-12-09,20418,SAN JOSE,EDMONTON
2014-12-10,20419,DETROIT,TORONTO
2014-12-10,20420,ANAHEIM,EDMONTON
2014-12-11,20421,BOSTON,CHICAGO
2014-12-11,20422,BUFFALO,CALGARY
2014-12-11,20423,PHILADELPHIA,NEW JERSEY
2014-12-11,20424,WASHINGTON,COLUMBUS
2014-12-11,20425,OTTAWA,LOS ANGELES
2014-12-11,20426,TAMPA BAY,CAROLINA
2014-12-11,20427,ST. LOUIS,NY ISLANDERS
2014-12-11,20428,COLORADO,WINNIPEG
2014-12-11,20429,ARIZONA,NASHVILLE
2014-12-11,20430,SAN JOSE,MINNESOTA
2014-12-12,20431,PITTSBURGH,CALGARY
2014-12-12,20432,MONTREAL,LOS ANGELES
2014-12-12,20433,DETROIT,FLORIDA
2014-12-12,20434,EDMONTON,ANAHEIM
2014-12-13,20435,BOSTON,OTTAWA
2014-12-13,20436,PHILADELPHIA,CAROLINA
2014-12-13,20437,BUFFALO,FLORIDA
2014-12-13,20438,TORONTO,DETROIT
2014-12-13,20439,NY ISLANDERS,CHICAGO
2014-12-13,20440,WASHINGTON,TAMPA BAY
2014-12-13,20441,COLUMBUS,PITTSBURGH
2014-12-13,20442,WINNIPEG,ANAHEIM
2014-12-13,20444,ARIZONA,MINNESOTA
2014-12-13,20443,DALLAS,NEW JERSEY
2014-12-13,20445,COLORADO,ST. LOUIS
2014-12-13,20446,VANCOUVER,NY RANGERS
2014-12-13,20447,SAN JOSE,NASHVILLE
2014-12-14,20448,TORONTO,LOS ANGELES
2014-12-14,20449,CHICAGO,CALGARY
2014-12-14,20450,EDMONTON,NY RANGERS
2014-12-15,20451,NY ISLANDERS,NEW JERSEY
2014-12-15,20452,PITTSBURGH,TAMPA BAY
2014-12-16,20453,PHILADELPHIA,TAMPA BAY
2014-12-16,20454,TORONTO,ANAHEIM
2014-12-16,20455,MONTREAL,CAROLINA
2014-12-16,20456,DETROIT,COLUMBUS
2014-12-16,20457,FLORIDA,WASHINGTON
2014-12-16,20458,ST. LOUIS,LOS ANGELES
2014-12-16,20459,NASHVILLE,BOSTON
2014-12-16,20460,WINNIPEG,BUFFALO
2014-12-16,20461,CHICAGO,MINNESOTA
2014-12-16,20462,CALGARY,NY RANGERS
2014-12-16,20463,ARIZONA,EDMONTON
2014-12-17,20464,NEW JERSEY,OTTAWA
2014-12-17,20465,MINNESOTA,BOSTON
2014-12-17,20466,VANCOUVER,DALLAS
2014-12-18,20467,PHILADELPHIA,FLORIDA
2014-12-18,20468,PITTSBURGH,COLORADO
2014-12-18,20469,CAROLINA,TORONTO
2014-12-18,20470,COLUMBUS,WASHINGTON
2014-12-18,20471,MONTREAL,ANAHEIM
2014-12-18,20472,LOS ANGELES,ST. LOUIS
2014-12-18,20473,SAN JOSE,EDMONTON
2014-12-19,20474,NEW JERSEY,TAMPA BAY
2014-12-19,20475,OTTAWA,ANAHEIM
2014-12-19,20476,DETROIT,NY ISLANDERS
2014-12-19,20477,WINNIPEG,BOSTON
2014-12-19,20478,CALGARY,DALLAS
2014-12-20,20479,LOS ANGELES,ARIZONA
2014-12-20,20480,BUFFALO,COLORADO
2014-12-20,20481,TORONTO,PHILADELPHIA
2014-12-20,20482,MONTREAL,OTTAWA
2014-12-20,20483,NEW JERSEY,WASHINGTON
2014-12-20,20484,NY ISLANDERS,TAMPA BAY
2014-12-20,20485,PITTSBURGH,FLORIDA
2014-12-20,20486,CAROLINA,NY RANGERS
2014-12-20,20487,COLUMBUS,CHICAGO
2014-12-20,20488,MINNESOTA,NASHVILLE
2014-12-20,20489,VANCOUVER,CALGARY
2014-12-20,20490,SAN JOSE,ST. LOUIS
2014-12-21,20491,DETROIT,COLORADO
2014-12-21,20492,EDMONTON,DALLAS
2014-12-21,20493,BOSTON,BUFFALO
2014-12-21,20494,NY RANGERS,CAROLINA
2014-12-21,20495,CHICAGO,TORONTO
2014-12-21,20496,WINNIPEG,PHILADELPHIA
2014-12-22,20497,WASHINGTON,OTTAWA
2014-12-22,20498,COLUMBUS,NASHVILLE
2014-12-22,20499,FLORIDA,PITTSBURGH
2014-12-22,20500,VANCOUVER,ARIZONA
2014-12-22,20501,ANAHEIM,SAN JOSE
2014-12-22,20502,LOS ANGELES,CALGARY
2014-12-23,20503,BOSTON,NASHVILLE
2014-12-23,20504,NEW JERSEY,CAROLINA
2014-12-23,20505,NY ISLANDERS,MONTREAL
2014-12-23,20506,NY RANGERS,WASHINGTON
2014-12-23,20507,MINNESOTA,PHILADELPHIA
2014-12-23,20512,DALLAS,TORONTO
2014-12-23,20508,DETROIT,BUFFALO
2014-12-23,20509,TAMPA BAY,PITTSBURGH
2014-12-23,20510,EDMONTON,ARIZONA
2014-12-23,20513,COLORADO,ST. LOUIS
2014-12-23,20511,CHICAGO,WINNIPEG
2014-12-27,20514,BUFFALO,NY ISLANDERS
2014-12-27,20515,OTTAWA,DETROIT
2014-12-27,20516,TAMPA BAY,CAROLINA
2014-12-27,20517,NY RANGERS,NEW JERSEY
2014-12-27,20519,COLUMBUS,BOSTON
2014-12-27,20520,MINNESOTA,WINNIPEG
2014-12-27,20518,PITTSBURGH,WASHINGTON
2014-12-27,20521,ST. LOUIS,DALLAS
2014-12-27,20522,NASHVILLE,PHILADELPHIA
2014-12-27,20523,ARIZONA,ANAHEIM
2014-12-27,20524,COLORADO,CHICAGO
2014-12-27,20525,CALGARY,EDMONTON
2014-12-27,20526,LOS ANGELES,SAN JOSE
2014-12-28,20527,FLORIDA,TORONTO
2014-12-28,20528,ANAHEIM,VANCOUVER
2014-12-29,20529,BOSTON,DETROIT
2014-12-29,20530,NEW JERSEY,PITTSBURGH
2014-12-29,20531,NY ISLANDERS,WASHINGTON
2014-12-29,20532,CAROLINA,MONTREAL
2014-12-29,20533,OTTAWA,BUFFALO
2014-12-29,20534,TAMPA BAY,TORONTO
2014-12-29,20535,ST. LOUIS,COLORADO
2014-12-29,20536,WINNIPEG,MINNESOTA
2014-12-29,20537,CHICAGO,NASHVILLE
2014-12-29,20538,DALLAS,NY RANGERS
2014-12-29,20539,CALGARY,LOS ANGELES
2014-12-29,20540,ARIZONA,PHILADELPHIA
2014-12-30,20541,FLORIDA,MONTREAL
2014-12-30,20542,NASHVILLE,ST. LOUIS
2014-12-30,20543,EDMONTON,LOS ANGELES
2014-12-30,20544,SAN JOSE,VANCOUVER
2014-12-31,20545,WINNIPEG,NY ISLANDERS
2014-12-31,20546,BUFFALO,TAMPA BAY
2014-12-31,20551,FLORIDA,NY RANGERS
2014-12-31,20547,BOSTON,TORONTO
2014-12-31,20548,PITTSBURGH,CAROLINA
2014-12-31,20549,COLUMBUS,MINNESOTA
2014-12-31,20550,DETROIT,NEW JERSEY
2014-12-31,20552,ANAHEIM,SAN JOSE
2014-12-31,20553,DALLAS,ARIZONA
2014-12-31,20554,COLORADO,PHILADELPHIA
2014-12-31,20555,CALGARY,EDMONTON
2015-01-01,20556,WASHINGTON,CHICAGO
2015-01-01,20557,VANCOUVER,LOS ANGELES
2015-01-02,20558,BUFFALO,FLORIDA
2015-01-02,20559,NEW JERSEY,MONTREAL
2015-01-02,20560,PITTSBURGH,TAMPA BAY
2015-01-02,20561,CAROLINA,PHILADELPHIA
2015-01-02,20562,MINNESOTA,TORONTO
2015-01-02,20563,COLORADO,EDMONTON
2015-01-02,20564,CALGARY,NY ISLANDERS
2015-01-02,20565,ANAHEIM,ST. LOUIS
2015-01-03,20566,BOSTON,OTTAWA
2015-01-03,20567,LOS ANGELES,NASHVILLE
2015-01-03,20568,NEW JERSEY,PHILADELPHIA
2015-01-03,20569,NY RANGERS,BUFFALO
2015-01-03,20570,PITTSBURGH,MONTREAL
2015-01-03,20571,WINNIPEG,TORONTO
2015-01-03,20572,DALLAS,MINNESOTA
2015-01-03,20573,ARIZONA,COLUMBUS
2015-01-03,20574,VANCOUVER,DETROIT
2015-01-03,20575,SAN JOSE,ST. LOUIS
2015-01-04,20576,CAROLINA,BOSTON
2015-01-04,20577,WASHINGTON,FLORIDA
2015-01-04,20578,OTTAWA,TAMPA BAY
2015-01-04,20579,CHICAGO,DALLAS
2015-01-04,20580,COLORADO,COLUMBUS
2015-01-04,20581,ANAHEIM,NASHVILLE
2015-01-04,20582,EDMONTON,NY ISLANDERS
2015-01-05,20583,WINNIPEG,SAN JOSE
2015-01-06,20584,NEW JERSEY,BUFFALO
2015-01-06,20585,PHILADELPHIA,OTTAWA
2015-01-06,20586,MONTREAL,TAMPA BAY
2015-01-06,20587,NASHVILLE,CAROLINA
2015-01-06,20588,MINNESOTA,SAN JOSE
2015-01-06,20589,CHICAGO,COLORADO
2015-01-06,20590,DALLAS,COLUMBUS
2015-01-06,20591,ARIZONA,ST. LOUIS
2015-01-06,20592,EDMONTON,DETROIT
2015-01-06,20593,VANCOUVER,NY ISLANDERS
2015-01-07,20594,TORONTO,WASHINGTON
2015-01-07,20595,PITTSBURGH,BOSTON
2015-01-07,20596,CALGARY,DETROIT
2015-01-07,20597,ANAHEIM,NY RANGERS
2015-01-08,20598,BOSTON,NEW JERSEY
2015-01-08,20599,PHILADELPHIA,WASHINGTON
2015-01-08,20600,CAROLINA,BUFFALO
2015-01-08,20601,ST. LOUIS,SAN JOSE
2015-01-08,20602,NASHVILLE,DALLAS
2015-01-08,20603,MINNESOTA,CHICAGO
2015-01-08,20604,COLORADO,OTTAWA
2015-01-08,20605,ARIZONA,WINNIPEG
2015-01-08,20606,VANCOUVER,FLORIDA
2015-01-08,20607,LOS ANGELES,NY RANGERS
2015-01-09,20608,NEW JERSEY,NY ISLANDERS
2015-01-09,20609,TORONTO,COLUMBUS
2015-01-09,20610,TAMPA BAY,BUFFALO
2015-01-09,20611,CALGARY,FLORIDA
2015-01-09,20612,EDMONTON,CHICAGO
2015-01-10,20613,PHILADELPHIA,BOSTON
2015-01-10,20614,MINNESOTA,NASHVILLE
2015-01-10,20615,COLORADO,DALLAS
2015-01-10,20616,MONTREAL,PITTSBURGH
2015-01-10,20617,WASHINGTON,DETROIT
2015-01-10,20618,COLUMBUS,NY ISLANDERS
2015-01-10,20619,ARIZONA,OTTAWA
2015-01-10,20620,ST. LOUIS,CAROLINA
2015-01-10,20621,VANCOUVER,CALGARY
2015-01-10,20622,LOS ANGELES,WINNIPEG
2015-01-10,20623,SAN JOSE,NY RANGERS
2015-01-11,20624,EDMONTON,FLORIDA
2015-01-11,20625,CHICAGO,MINNESOTA
2015-01-11,20626,ANAHEIM,WINNIPEG
2015-01-12,20627,PHILADELPHIA,TAMPA BAY
2015-01-12,20628,WASHINGTON,COLORADO
2015-01-12,20629,LOS ANGELES,TORONTO
2015-01-13,20630,BOSTON,TAMPA BAY
2015-01-13,20631,BUFFALO,DETROIT
2015-01-13,20632,NY RANGERS,NY ISLANDERS
2015-01-13,20633,PITTSBURGH,MINNESOTA
2015-01-13,20634,CAROLINA,COLORADO
2015-01-13,20635,ST. LOUIS,EDMONTON
2015-01-13,20636,NASHVILLE,VANCOUVER
2015-01-13,20637,WINNIPEG,FLORIDA
2015-01-13,20638,DALLAS,OTTAWA
2015-01-13,20639,ARIZONA,SAN JOSE
2015-01-14,20640,COLUMBUS,MONTREAL
2015-01-14,20641,WASHINGTON,PHILADELPHIA
2015-01-14,20642,ANAHEIM,TORONTO
2015-01-14,20643,LOS ANGELES,NEW JERSEY
2015-01-15,20644,BOSTON,NY RANGERS
2015-01-15,20645,BUFFALO,MINNESOTA
2015-01-15,20646,PHILADELPHIA,VANCOUVER
2015-01-15,20647,OTTAWA,MONTREAL
2015-01-15,20648,TAMPA BAY,EDMONTON
2015-01-15,20649,FLORIDA,COLORADO
2015-01-15,20650,ST. LOUIS,DETROIT
2015-01-15,20651,DALLAS,WINNIPEG
2015-01-15,20652,ARIZONA,CALGARY
2015-01-15,20653,SAN JOSE,TORONTO
2015-01-16,20654,NY ISLANDERS,PITTSBURGH
2015-01-16,20655,CAROLINA,VANCOUVER
2015-01-16,20656,COLUMBUS,NY RANGERS
2015-01-16,20657,NASHVILLE,WASHINGTON
2015-01-16,20658,CHICAGO,WINNIPEG
2015-01-16,20659,ANAHEIM,NEW JERSEY
2015-01-17,20660,BOSTON,COLUMBUS
2015-01-17,20661,BUFFALO,PHILADELPHIA
2015-01-17,20662,MONTREAL,NY ISLANDERS
2015-01-17,20663,OTTAWA,CAROLINA
2015-01-17,20664,DETROIT,NASHVILLE
2015-01-17,20665,TAMPA BAY,COLORADO
2015-01-17,20666,FLORIDA,EDMONTON
2015-01-17,20667,ST. LOUIS,TORONTO
2015-01-17,20668,DALLAS,WASHINGTON
2015-01-17,20669,MINNESOTA,ARIZONA
2015-01-17,20670,LOS ANGELES,ANAHEIM
2015-01-17,20671,SAN JOSE,CALGARY
2015-01-18,20672,PITTSBURGH,NY RANGERS
2015-01-18,20673,CHICAGO,DALLAS
2015-01-18,20674,WINNIPEG,ARIZONA
2015-01-18,20675,DETROIT,BUFFALO
2015-01-19,20676,NY ISLANDERS,PHILADELPHIA
2015-01-19,20677,TORONTO,CAROLINA
2015-01-19,20678,FLORIDA,VANCOUVER
2015-01-19,20679,ST. LOUIS,COLORADO
2015-01-19,20680,MINNESOTA,COLUMBUS
2015-01-19,20681,LOS ANGELES,CALGARY
2015-01-19,20682,SAN JOSE,NEW JERSEY
2015-01-20,20683,NY RANGERS,OTTAWA
2015-01-20,20685,WASHINGTON,EDMONTON
2015-01-20,20684,PHILADELPHIA,PITTSBURGH
2015-01-20,20686,MONTREAL,NASHVILLE
2015-01-20,20687,DETROIT,MINNESOTA
2015-01-20,20688,TAMPA BAY,VANCOUVER
2015-01-20,20689,CHICAGO,ARIZONA
2015-01-20,20690,DALLAS,BOSTON
2015-01-21,20691,OTTAWA,TORONTO
2015-01-21,20692,PITTSBURGH,CHICAGO
2015-01-21,20693,WINNIPEG,COLUMBUS
2015-01-21,20694,COLORADO,BOSTON
2015-01-21,20695,ANAHEIM,CALGARY
2015-01-21,20696,SAN JOSE,LOS ANGELES
2015-01-27,20697,NY ISLANDERS,NY RANGERS
2015-01-27,20698,PHILADELPHIA,ARIZONA
2015-01-27,20699,PITTSBURGH,WINNIPEG
2015-01-27,20701,COLUMBUS,WASHINGTON
2015-01-27,20700,CAROLINA,TAMPA BAY
2015-01-27,20702,MONTREAL,DALLAS
2015-01-27,20703,FLORIDA,DETROIT
2015-01-27,20704,NASHVILLE,COLORADO
2015-01-27,20705,CALGARY,BUFFALO
2015-01-27,20706,EDMONTON,MINNESOTA
2015-01-27,20707,VANCOUVER,ANAHEIM
2015-01-28,20708,NEW JERSEY,TORONTO
2015-01-28,20709,WASHINGTON,PITTSBURGH
2015-01-28,20710,LOS ANGELES,CHICAGO
2015-01-29,20711,NY ISLANDERS,BOSTON
2015-01-29,20712,NY RANGERS,MONTREAL
2015-01-29,20713,PHILADELPHIA,WINNIPEG
2015-01-29,20714,TORONTO,ARIZONA
2015-01-29,20715,OTTAWA,DALLAS
2015-01-29,20716,TAMPA BAY,DETROIT
2015-01-29,20717,FLORIDA,COLUMBUS
2015-01-29,20718,ST. LOUIS,NASHVILLE
2015-01-29,20719,CALGARY,MINNESOTA
2015-01-29,20720,EDMONTON,BUFFALO
2015-01-29,20721,SAN JOSE,ANAHEIM
2015-01-30,20722,NEW JERSEY,PITTSBURGH
2015-01-30,20723,CAROLINA,ST. LOUIS
2015-01-30,20724,COLORADO,NASHVILLE
2015-01-30,20725,VANCOUVER,BUFFALO
2015-01-30,20726,ANAHEIM,CHICAGO
2015-01-31,20727,MONTREAL,WASHINGTON
2015-01-31,20728,DETROIT,NY ISLANDERS
2015-01-31,20729,OTTAWA,ARIZONA
2015-01-31,20730,BOSTON,LOS ANGELES
2015-01-31,20731,NEW JERSEY,FLORIDA
2015-01-31,20732,NY RANGERS,CAROLINA
2015-01-31,20733,PHILADELPHIA,TORONTO
2015-01-31,20734,WINNIPEG,DALLAS
2015-01-31,20735,TAMPA BAY,COLUMBUS
2015-01-31,20736,CALGARY,EDMONTON
2015-01-31,20737,SAN JOSE,CHICAGO
2015-02-01,20738,MONTREAL,ARIZONA
2015-02-01,20739,WASHINGTON,ST. LOUIS
2015-02-01,20740,PITTSBURGH,NASHVILLE
2015-02-01,20741,VANCOUVER,MINNESOTA
2015-02-02,20742,NY RANGERS,FLORIDA
2015-02-02,20743,CALGARY,WINNIPEG
2015-02-02,20744,SAN JOSE,EDMONTON
2015-02-03,20745,NEW JERSEY,OTTAWA
2015-02-03,20746,NY ISLANDERS,FLORIDA
2015-02-03,20747,WASHINGTON,LOS ANGELES
2015-02-03,20748,COLUMBUS,ARIZONA
2015-02-03,20749,MONTREAL,BUFFALO
2015-02-03,20750,ST. LOUIS,TAMPA BAY
2015-02-03,20751,NASHVILLE,TORONTO
2015-02-03,20752,MINNESOTA,CHICAGO
2015-02-03,20753,DALLAS,COLORADO
2015-02-03,20754,VANCOUVER,WINNIPEG
2015-02-03,20755,ANAHEIM,CAROLINA
2015-02-04,20756,NY RANGERS,BOSTON
2015-02-04,20757,EDMONTON,PITTSBURGH
2015-02-04,20758,CALGARY,SAN JOSE
2015-02-05,20759,BUFFALO,ST. LOUIS
2015-02-05,20760,PHILADELPHIA,NY ISLANDERS
2015-02-05,20761,OTTAWA,WASHINGTON
2015-02-05,20762,FLORIDA,LOS ANGELES
2015-02-05,20763,NASHVILLE,ANAHEIM
2015-02-05,20764,DALLAS,TAMPA BAY
2015-02-05,20765,COLORADO,DETROIT
2015-02-05,20766,ARIZONA,CAROLINA
2015-02-05,20767,VANCOUVER,SAN JOSE
2015-02-06,20768,NEW JERSEY,TORONTO
2015-02-06,20769,WASHINGTON,ANAHEIM
2015-02-06,20770,COLUMBUS,ST. LOUIS
2015-02-06,20771,WINNIPEG,CHICAGO
2015-02-06,20772,CALGARY,PITTSBURGH
2015-02-07,20773,NASHVILLE,NY RANGERS
2015-02-07,20774,TAMPA BAY,LOS ANGELES
2015-02-07,20775,BOSTON,NY ISLANDERS
2015-02-07,20776,BUFFALO,DALLAS
2015-02-07,20777,TORONTO,EDMONTON
2015-02-07,20778,MONTREAL,NEW JERSEY
2015-02-07,20779,OTTAWA,COLUMBUS
2015-02-07,20780,MINNESOTA,COLORADO
2015-02-07,20781,ARIZONA,DETROIT
2015-02-07,20782,VANCOUVER,PITTSBURGH
2015-02-07,20783,SAN JOSE,CAROLINA
2015-02-08,20784,ST. LOUIS,CHICAGO
2015-02-08,20785,FLORIDA,NASHVILLE
2015-02-08,20786,WASHINGTON,PHILADELPHIA
2015-02-08,20787,BUFFALO,NY ISLANDERS
2015-02-08,20788,TAMPA BAY,ANAHEIM
2015-02-08,20789,NY RANGERS,DALLAS
2015-02-08,20790,WINNIPEG,COLORADO
2015-02-08,20791,BOSTON,MONTREAL
2015-02-09,20792,NEW JERSEY,EDMONTON
2015-02-09,20793,COLUMBUS,LOS ANGELES
2015-02-09,20794,MINNESOTA,VANCOUVER
2015-02-09,20795,CHICAGO,ARIZONA
2015-02-09,20796,SAN JOSE,CALGARY
2015-02-10,20797,BOSTON,DALLAS
2015-02-10,20798,BUFFALO,OTTAWA
2015-02-10,20799,NY ISLANDERS,EDMONTON
2015-02-10,20800,TORONTO,NY RANGERS
2015-02-10,20801,MONTREAL,PHILADELPHIA
2015-02-10,20802,FLORIDA,ANAHEIM
2015-02-10,20803,ST. LOUIS,ARIZONA
2015-02-10,20804,NASHVILLE,TAMPA BAY
2015-02-10,20805,WINNIPEG,MINNESOTA
2015-02-11,20806,PITTSBURGH,DETROIT
2015-02-11,20807,CHICAGO,VANCOUVER
2015-02-11,20808,SAN JOSE,WASHINGTON
2015-02-12,20809,NY ISLANDERS,TORONTO
2015-02-12,20810,CAROLINA,ANAHEIM
2015-02-12,20811,MONTREAL,EDMONTON
2015-02-12,20812,OTTAWA,PITTSBURGH
2015-02-12,20813,TAMPA BAY,ST. LOUIS
2015-02-12,20814,NASHVILLE,WINNIPEG
2015-02-12,20815,MINNESOTA,FLORIDA
2015-02-12,20816,COLORADO,NY RANGERS
2015-02-12,20817,LOS ANGELES,CALGARY
2015-02-13,20818,COLUMBUS,PHILADELPHIA
2015-02-13,20819,CHICAGO,NEW JERSEY
2015-02-13,20820,DALLAS,FLORIDA
2015-02-13,20821,ARIZONA,SAN JOSE
2015-02-13,20822,VANCOUVER,BOSTON
2015-02-14,20823,OTTAWA,EDMONTON
2015-02-14,20824,MONTREAL,TORONTO
2015-02-14,20825,DETROIT,WINNIPEG
2015-02-14,20826,NY ISLANDERS,COLUMBUS
2015-02-14,20827,NASHVILLE,NEW JERSEY
2015-02-14,20828,MINNESOTA,CAROLINA
2015-02-14,20829,ARIZONA,NY RANGERS
2015-02-14,20830,COLORADO,DALLAS
2015-02-14,20831,CALGARY,VANCOUVER
2015-02-14,20832,LOS ANGELES,WASHINGTON
2015-02-15,20833,CHICAGO,PITTSBURGH
2015-02-15,20834,FLORIDA,ST. LOUIS
2015-02-15,20835,BUFFALO,PHILADELPHIA
2015-02-15,20836,ANAHEIM,WASHINGTON
2015-02-15,20837,SAN JOSE,TAMPA BAY
2015-02-16,20838,NY ISLANDERS,NY RANGERS
2015-02-16,20839,OTTAWA,CAROLINA
2015-02-16,20840,DETROIT,MONTREAL
2015-02-16,20841,WINNIPEG,EDMONTON
2015-02-16,20842,COLORADO,ARIZONA
2015-02-16,20843,CALGARY,BOSTON
2015-02-16,20844,VANCOUVER,MINNESOTA
2015-02-16,20845,LOS ANGELES,TAMPA BAY
2015-02-17,20847,PHILADELPHIA,COLUMBUS
2015-02-17,20848,PITTSBURGH,WASHINGTON
2015-02-17,20849,CAROLINA,NY ISLANDERS
2015-02-17,20846,NEW JERSEY,BUFFALO
2015-02-17,20850,TORONTO,FLORIDA
2015-02-17,20851,ST. LOUIS,DALLAS
2015-02-17,20852,NASHVILLE,SAN JOSE
2015-02-18,20853,OTTAWA,MONTREAL
2015-02-18,20854,CHICAGO,DETROIT
2015-02-18,20855,CALGARY,MINNESOTA
2015-02-18,20856,COLORADO,LOS ANGELES
2015-02-18,20857,EDMONTON,BOSTON
2015-02-18,20858,ANAHEIM,TAMPA BAY
2015-02-19,20859,NY ISLANDERS,NASHVILLE
2015-02-19,20860,NY RANGERS,VANCOUVER
2015-02-19,20861,PHILADELPHIA,BUFFALO
2015-02-19,20862,PITTSBURGH,COLUMBUS
2015-02-19,20863,WASHINGTON,WINNIPEG
2015-02-19,20864,MONTREAL,FLORIDA
2015-02-19,20865,DALLAS,SAN JOSE
2015-02-20,20866,BUFFALO,OTTAWA
2015-02-20,20867,NEW JERSEY,VANCOUVER
2015-02-20,20868,CAROLINA,TORONTO
2015-02-20,20869,ST. LOUIS,BOSTON
2015-02-20,20870,CHICAGO,COLORADO
2015-02-20,20871,CALGARY,ANAHEIM
2015-02-20,20872,EDMONTON,MINNESOTA
2015-02-21,20873,WASHINGTON,NY ISLANDERS
2015-02-21,20874,PHILADELPHIA,NASHVILLE
2015-02-21,20875,TORONTO,WINNIPEG
2015-02-21,20876,MONTREAL,COLUMBUS
2015-02-21,20877,OTTAWA,FLORIDA
2015-02-21,20878,NEW JERSEY,CAROLINA
2015-02-21,20879,EDMONTON,ANAHEIM
2015-02-21,20880,ST. LOUIS,PITTSBURGH
2015-02-21,20881,DALLAS,DETROIT
2015-02-21,20882,ARIZONA,TAMPA BAY
2015-02-21,20883,SAN JOSE,LOS ANGELES
2015-02-22,20884,PHILADELPHIA,WASHINGTON
2015-02-22,20885,CHICAGO,BOSTON
2015-02-22,20886,BUFFALO,NASHVILLE
2015-02-22,20887,NY ISLANDERS,VANCOUVER
2015-02-22,20888,PITTSBURGH,FLORIDA
2015-02-22,20889,COLORADO,TAMPA BAY
2015-02-22,20890,NY RANGERS,COLUMBUS
2015-02-22,20891,MINNESOTA,DALLAS
2015-02-23,20892,NEW JERSEY,ARIZONA
2015-02-23,20893,ANAHEIM,DETROIT
2015-02-24,20894,BOSTON,VANCOUVER
2015-02-24,20895,NY ISLANDERS,ARIZONA
2015-02-24,20896,NY RANGERS,CALGARY
2015-02-24,20897,CAROLINA,PHILADELPHIA
2015-02-24,20898,COLUMBUS,BUFFALO
2015-02-24,20899,ST. LOUIS,MONTREAL
2015-02-24,20900,NASHVILLE,COLORADO
2015-02-24,20901,MINNESOTA,EDMONTON
2015-02-24,20902,WINNIPEG,DALLAS
2015-02-24,20903,CHICAGO,FLORIDA
2015-02-24,20904,LOS ANGELES,DETROIT
2015-02-25,20905,NEW JERSEY,CALGARY
2015-02-25,20906,WASHINGTON,PITTSBURGH
2015-02-25,20907,ANAHEIM,OTTAWA
2015-02-26,20908,BUFFALO,VANCOUVER
2015-02-26,20909,NY RANGERS,ARIZONA
2015-02-26,20910,COLUMBUS,MONTREAL
2015-02-26,20911,TORONTO,PHILADELPHIA
2015-02-26,20912,FLORIDA,CHICAGO
2015-02-26,20914,WINNIPEG,ST. LOUIS
2015-02-26,20913,NASHVILLE,MINNESOTA
2015-02-26,20915,LOS ANGELES,OTTAWA
2015-02-26,20916,SAN JOSE,DETROIT
2015-02-27,20917,NEW JERSEY,BOSTON
2015-02-27,20918,NY ISLANDERS,CALGARY
2015-02-27,20919,CAROLINA,WASHINGTON
2015-02-27,20920,TAMPA BAY,CHICAGO
2015-02-27,20921,DALLAS,COLORADO
2015-02-27,20922,ANAHEIM,LOS ANGELES
2015-02-28,20923,FLORIDA,BUFFALO
2015-02-28,20924,NASHVILLE,DETROIT
2015-02-28,20925,NY ISLANDERS,CAROLINA
2015-02-28,20926,COLUMBUS,NEW JERSEY
2015-02-28,20927,BOSTON,ARIZONA
2015-02-28,20928,MONTREAL,TORONTO
2015-02-28,20929,PHILADELPHIA,NY RANGERS
2015-02-28,20930,COLORADO,MINNESOTA
2015-02-28,20931,EDMONTON,ST. LOUIS
2015-02-28,20932,SAN JOSE,OTTAWA
2015-03-01,20933,WINNIPEG,LOS ANGELES
2015-03-01,20934,FLORIDA,TAMPA BAY
2015-03-01,20935,PITTSBURGH,COLUMBUS
2015-03-01,20936,WASHINGTON,TORONTO
2015-03-01,20937,DALLAS,ANAHEIM
2015-03-01,20938,VANCOUVER,ST. LOUIS
2015-03-02,20939,NY RANGERS,NASHVILLE
2015-03-02,20940,CHICAGO,CAROLINA
2015-03-02,20941,SAN JOSE,MONTREAL
2015-03-03,20942,NEW JERSEY,NASHVILLE
2015-03-03,20943,PHILADELPHIA,CALGARY
2015-03-03,20944,COLUMBUS,WASHINGTON
2015-03-03,20945,TAMPA BAY,BUFFALO
2015-03-03,20946,FLORIDA,TORONTO
2015-03-03,20947,MINNESOTA,OTTAWA
2015-03-03,20948,DALLAS,NY ISLANDERS
2015-03-03,20949,ARIZONA,ANAHEIM
2015-03-03,20950,EDMONTON,LOS ANGELES
2015-03-03,20951,VANCOUVER,SAN JOSE
2015-03-04,20952,WINNIPEG,OTTAWA
2015-03-04,20953,DETROIT,NY RANGERS
2015-03-04,20954,COLORADO,PITTSBURGH
2015-03-04,20955,ANAHEIM,MONTREAL
2015-03-05,20956,BOSTON,CALGARY
2015-03-05,20957,PHILADELPHIA,ST. LOUIS
2015-03-05,20958,WASHINGTON,MINNESOTA
2015-03-05,20959,TAMPA BAY,TORONTO
2015-03-05,20960,FLORIDA,DALLAS
2015-03-05,20961,NASHVILLE,NY ISLANDERS
2015-03-05,20962,ARIZONA,VANCOUVER
2015-03-05,20963,LOS ANGELES,MONTREAL
2015-03-06,20964,NEW JERSEY,COLUMBUS
2015-03-06,20965,CAROLINA,MINNESOTA
2015-03-06,20966,OTTAWA,BUFFALO
2015-03-06,20967,DETROIT,CALGARY
2015-03-06,20968,CHICAGO,EDMONTON
2015-03-06,20969,ANAHEIM,PITTSBURGH
2015-03-07,20970,BOSTON,PHILADELPHIA
2015-03-07,20971,TORONTO,ST. LOUIS
2015-03-07,20972,TAMPA BAY,DALLAS
2015-03-07,20973,FLORIDA,NY ISLANDERS
2015-03-07,20974,WASHINGTON,BUFFALO
2015-03-07,20975,COLUMBUS,COLORADO
2015-03-07,20976,NASHVILLE,WINNIPEG
2015-03-07,20977,ARIZONA,MONTREAL
2015-03-07,20978,LOS ANGELES,PITTSBURGH
2015-03-07,20979,SAN JOSE,VANCOUVER
2015-03-08,20980,CAROLINA,EDMONTON
2015-03-08,20981,NEW JERSEY,PHILADELPHIA
2015-03-08,20982,MINNESOTA,COLORADO
2015-03-08,20983,OTTAWA,CALGARY
2015-03-08,20984,BOSTON,DETROIT
2015-03-08,20985,CHICAGO,NY RANGERS
2015-03-09,20986,TORONTO,NY ISLANDERS
2015-03-09,20987,DETROIT,EDMONTON
2015-03-09,20988,VANCOUVER,ANAHEIM
2015-03-09,20989,ARIZONA,NASHVILLE
2015-03-09,20990,SAN JOSE,PITTSBURGH
2015-03-10,20991,NY ISLANDERS,NY RANGERS
2015-03-10,20992,PHILADELPHIA,DALLAS
2015-03-10,20993,CAROLINA,COLUMBUS
2015-03-10,20994,MONTREAL,TAMPA BAY
2015-03-10,20995,OTTAWA,BOSTON
2015-03-10,20996,ST. LOUIS,WINNIPEG
2015-03-10,20997,MINNESOTA,NEW JERSEY
2015-03-10,20998,COLORADO,LOS ANGELES
2015-03-11,20999,TORONTO,BUFFALO
2015-03-11,21000,WASHINGTON,NY RANGERS
2015-03-11,21001,CALGARY,ANAHEIM
2015-03-12,21002,BOSTON,TAMPA BAY
2015-03-12,21003,PITTSBURGH,EDMONTON
2015-03-12,21004,CAROLINA,DALLAS
2015-03-12,21005,MONTREAL,OTTAWA
2015-03-12,21006,DETROIT,COLUMBUS
2015-03-12,21007,FLORIDA,WINNIPEG
2015-03-12,21008,ST. LOUIS,PHILADELPHIA
2015-03-12,21009,COLORADO,NEW JERSEY
2015-03-12,21010,VANCOUVER,LOS ANGELES
2015-03-12,21011,ARIZONA,CHICAGO
2015-03-12,21012,SAN JOSE,NASHVILLE
2015-03-13,21013,NY ISLANDERS,OTTAWA
2015-03-13,21014,WASHINGTON,DALLAS
2015-03-13,21015,COLUMBUS,EDMONTON
2015-03-13,21016,MINNESOTA,ANAHEIM
2015-03-13,21017,CALGARY,TORONTO
2015-03-14,21018,PHILADELPHIA,DETROIT
2015-03-14,21019,PITTSBURGH,BOSTON
2015-03-14,21020,SAN JOSE,CHICAGO
2015-03-14,21021,BUFFALO,NY RANGERS
2015-03-14,21022,TAMPA BAY,WINNIPEG
2015-03-14,21023,NY ISLANDERS,MONTREAL
2015-03-14,21024,CAROLINA,FLORIDA
2015-03-14,21025,VANCOUVER,TORONTO
2015-03-14,21026,ST. LOUIS,MINNESOTA
2015-03-14,21027,ARIZONA,NEW JERSEY
2015-03-14,21028,COLORADO,CALGARY
2015-03-14,21029,LOS ANGELES,NASHVILLE
2015-03-15,21030,NY RANGERS,FLORIDA
2015-03-15,21031,COLUMBUS,CAROLINA
2015-03-15,21032,DALLAS,ST. LOUIS
2015-03-15,21033,OTTAWA,PHILADELPHIA
2015-03-15,21034,PITTSBURGH,DETROIT
2015-03-15,21035,WASHINGTON,BOSTON
2015-03-15,21036,ANAHEIM,NASHVILLE
2015-03-16,21037,BUFFALO,WASHINGTON
2015-03-16,21038,TAMPA BAY,MONTREAL
2015-03-16,21039,EDMONTON,TORONTO
2015-03-16,21040,LOS ANGELES,ARIZONA
2015-03-17,21042,NEW JERSEY,PITTSBURGH
2015-03-17,21043,CAROLINA,OTTAWA
2015-03-17,21041,BOSTON,BUFFALO
2015-03-17,21044,FLORIDA,MONTREAL
2015-03-17,21045,NASHVILLE,MINNESOTA
2015-03-17,21046,WINNIPEG,SAN JOSE
2015-03-17,21047,CHICAGO,NY ISLANDERS
2015-03-17,21048,CALGARY,ST. LOUIS
2015-03-17,21049,VANCOUVER,PHILADELPHIA
2015-03-18,21050,NY RANGERS,CHICAGO
2015-03-18,21051,EDMONTON,COLUMBUS
2015-03-18,21052,ANAHEIM,LOS ANGELES
2015-03-19,21053,TORONTO,SAN JOSE
2015-03-19,21054,MONTREAL,CAROLINA
2015-03-19,21055,OTTAWA,BOSTON
2015-03-19,21056,FLORIDA,DETROIT
2015-03-19,21057,MINNESOTA,WASHINGTON
2015-03-19,21058,WINNIPEG,ST. LOUIS
2015-03-19,21059,DALLAS,PITTSBURGH
2015-03-19,21060,CALGARY,PHILADELPHIA
2015-03-19,21061,VANCOUVER,COLUMBUS
2015-03-19,21062,ARIZONA,COLORADO
2015-03-20,21063,BUFFALO,NEW JERSEY
2015-03-20,21064,TAMPA BAY,DETROIT
2015-03-20,21065,ANAHEIM,COLORADO
2015-03-21,21066,MINNESOTA,ST. LOUIS
2015-03-21,21067,CALGARY,COLUMBUS
2015-03-21,21068,LOS ANGELES,VANCOUVER
2015-03-21,21069,MONTREAL,SAN JOSE
2015-03-21,21070,OTTAWA,TORONTO
2015-03-21,21071,FLORIDA,BOSTON
2015-03-21,21072,NEW JERSEY,NY ISLANDERS
2015-03-21,21073,CAROLINA,NY RANGERS
2015-03-21,21074,WINNIPEG,WASHINGTON
2015-03-21,21075,NASHVILLE,BUFFALO
2015-03-21,21076,DALLAS,CHICAGO
2015-03-21,21077,ARIZONA,PITTSBURGH
2015-03-21,21078,EDMONTON,PHILADELPHIA
2015-03-22,21079,DETROIT,ST. LOUIS
2015-03-22,21080,TAMPA BAY,BOSTON
2015-03-22,21081,NY RANGERS,ANAHEIM
2015-03-22,21082,ARIZONA,VANCOUVER
2015-03-23,21083,NEW JERSEY,LOS ANGELES
2015-03-23,21084,CAROLINA,CHICAGO
2015-03-23,21085,TORONTO,MINNESOTA
2015-03-23,21086,OTTAWA,SAN JOSE
2015-03-23,21087,DALLAS,BUFFALO
2015-03-23,21088,CALGARY,COLORADO
2015-03-23,21089,EDMONTON,WINNIPEG
2015-03-24,21090,NY ISLANDERS,MINNESOTA
2015-03-24,21091,NY RANGERS,LOS ANGELES
2015-03-24,21092,PITTSBURGH,ST. LOUIS
2015-03-24,21093,COLUMBUS,ANAHEIM
2015-03-24,21094,DETROIT,ARIZONA
2015-03-24,21095,TAMPA BAY,FLORIDA
2015-03-24,21096,NASHVILLE,MONTREAL
2015-03-24,21097,VANCOUVER,WINNIPEG
2015-03-25,21098,PHILADELPHIA,CHICAGO
2015-03-25,21099,EDMONTON,COLORADO
2015-03-25,21100,CALGARY,DALLAS
2015-03-26,21101,BOSTON,ANAHEIM
2015-03-26,21102,BUFFALO,ARIZONA
2015-03-26,21103,NY ISLANDERS,LOS ANGELES
2015-03-26,21104,WASHINGTON,NEW JERSEY
2015-03-26,21105,CAROLINA,PITTSBURGH
2015-03-26,21106,TORONTO,FLORIDA
2015-03-26,21107,OTTAWA,NY RANGERS
2015-03-26,21108,DETROIT,SAN JOSE
2015-03-26,21109,TAMPA BAY,NASHVILLE
2015-03-26,21110,WINNIPEG,MONTREAL
2015-03-26,21111,VANCOUVER,COLORADO
2015-03-27,21112,MINNESOTA,CALGARY
2015-03-27,21113,CHICAGO,COLUMBUS
2015-03-27,21114,EDMONTON,DALLAS
2015-03-28,21115,WASHINGTON,NASHVILLE
2015-03-28,21116,BOSTON,NY RANGERS
2015-03-28,21117,NY ISLANDERS,ANAHEIM
2015-03-28,21118,PHILADELPHIA,SAN JOSE
2015-03-28,21119,PITTSBURGH,ARIZONA
2015-03-28,21120,DETROIT,TAMPA BAY
2015-03-28,21121,TORONTO,OTTAWA
2015-03-28,21122,MONTREAL,FLORIDA
2015-03-28,21123,CAROLINA,NEW JERSEY
2015-03-28,21124,ST. LOUIS,COLUMBUS
2015-03-28,21125,MINNESOTA,LOS ANGELES
2015-03-28,21126,COLORADO,BUFFALO
2015-03-28,21127,VANCOUVER,DALLAS
2015-03-29,21128,NY RANGERS,WASHINGTON
2015-03-29,21129,OTTAWA,FLORIDA
2015-03-29,21130,NY ISLANDERS,DETROIT
2015-03-29,21131,CAROLINA,BOSTON
2015-03-29,21132,NASHVILLE,CALGARY
2015-03-29,21133,NEW JERSEY,ANAHEIM
2015-03-29,21134,PITTSBURGH,SAN JOSE
2015-03-29,21135,WINNIPEG,CHICAGO
2015-03-30,21136,MONTREAL,TAMPA BAY
2015-03-30,21137,ST. LOUIS,VANCOUVER
2015-03-30,21138,CHICAGO,LOS ANGELES
2015-03-30,21139,DALLAS,CALGARY
2015-03-30,21140,COLORADO,EDMONTON
2015-03-30,21141,ARIZONA,BUFFALO
2015-03-31,21142,BOSTON,FLORIDA
2015-03-31,21143,WASHINGTON,CAROLINA
2015-03-31,21144,COLUMBUS,NEW JERSEY
2015-03-31,21145,TORONTO,TAMPA BAY
2015-03-31,21146,DETROIT,OTTAWA
2015-03-31,21147,NASHVILLE,VANCOUVER
2015-03-31,21148,WINNIPEG,NY RANGERS
2015-04-01,21149,BUFFALO,TORONTO
2015-04-01,21150,PITTSBURGH,PHILADELPHIA
2015-04-01,21151,ANAHEIM,EDMONTON
2015-04-01,21152,SAN JOSE,COLORADO
2015-04-02,21153,COLUMBUS,NY ISLANDERS
2015-04-02,21154,MONTREAL,WASHINGTON
2015-04-02,21155,OTTAWA,TAMPA BAY
2015-04-02,21156,DETROIT,BOSTON
2015-04-02,21157,FLORIDA,CAROLINA
2015-04-02,21158,ST. LOUIS,CALGARY
2015-04-02,21159,MINNESOTA,NY RANGERS
2015-04-02,21160,CHICAGO,VANCOUVER
2015-04-02,21161,LOS ANGELES,EDMONTON
2015-04-03,21162,BUFFALO,CHICAGO
2015-04-03,21163,NEW JERSEY,MONTREAL
2015-04-03,21164,DALLAS,ST. LOUIS
2015-04-03,21165,ANAHEIM,COLORADO
2015-04-03,21166,SAN JOSE,ARIZONA
2015-04-04,21167,CAROLINA,PHILADELPHIA
2015-04-04,21168,COLUMBUS,PITTSBURGH
2015-04-04,21169,WINNIPEG,VANCOUVER
2015-04-04,21170,BOSTON,TORONTO
2015-04-04,21171,OTTAWA,WASHINGTON
2015-04-04,21172,FLORIDA,TAMPA BAY
2015-04-04,21173,NY ISLANDERS,BUFFALO
2015-04-04,21174,NY RANGERS,NEW JERSEY
2015-04-04,21175,MINNESOTA,DETROIT
2015-04-04,21176,NASHVILLE,DALLAS
2015-04-04,21177,ARIZONA,SAN JOSE
2015-04-04,21178,EDMONTON,CALGARY
2015-04-04,21179,LOS ANGELES,COLORADO
2015-04-05,21180,DETROIT,WASHINGTON
2015-04-05,21181,FLORIDA,MONTREAL
2015-04-05,21182,TORONTO,OTTAWA
2015-04-05,21183,PHILADELPHIA,PITTSBURGH
2015-04-05,21184,CHICAGO,ST. LOUIS
2015-04-06,21185,BUFFALO,CAROLINA
2015-04-06,21186,NY RANGERS,COLUMBUS
2015-04-06,21187,MINNESOTA,WINNIPEG
2015-04-06,21188,VANCOUVER,LOS ANGELES
2015-04-06,21189,SAN JOSE,DALLAS
2015-04-07,21190,NEW JERSEY,NY RANGERS
2015-04-07,21191,PHILADELPHIA,NY ISLANDERS
2015-04-07,21192,OTTAWA,PITTSBURGH
2015-04-07,21193,DETROIT,CAROLINA
2015-04-07,21195,ST. LOUIS,WINNIPEG
2015-04-07,21196,CHICAGO,MINNESOTA
2015-04-07,21197,COLORADO,NASHVILLE
2015-04-07,21198,CALGARY,ARIZONA
2015-04-07,21199,EDMONTON,LOS ANGELES
2015-04-08,21200,COLUMBUS,TORONTO
2015-04-08,21201,WASHINGTON,BOSTON
2015-04-08,21202,ANAHEIM,DALLAS
2015-04-09,21203,NY RANGERS,OTTAWA
2015-04-09,21204,PHILADELPHIA,CAROLINA
2015-04-09,21205,MONTREAL,DETROIT
2015-04-09,21206,TAMPA BAY,NEW JERSEY
2015-04-09,21207,FLORIDA,BOSTON
2015-04-09,21208,ST. LOUIS,CHICAGO
2015-04-09,21209,NASHVILLE,MINNESOTA
2015-04-09,21210,COLORADO,WINNIPEG
2015-04-09,21211,CALGARY,LOS ANGELES
2015-04-09,21212,EDMONTON,SAN JOSE
2015-04-09,21213,VANCOUVER,ARIZONA
2015-04-10,21214,PITTSBURGH,NY ISLANDERS
2015-04-10,21215,COLUMBUS,BUFFALO
2015-04-11,21216,PHILADELPHIA,OTTAWA
2015-04-11,21217,WASHINGTON,NY RANGERS
2015-04-11,21218,WINNIPEG,CALGARY
2015-04-11,21219,LOS ANGELES,SAN JOSE
2015-04-11,21220,BUFFALO,PITTSBURGH
2015-04-11,21221,TORONTO,MONTREAL
2015-04-11,21222,FLORIDA,NEW JERSEY
2015-04-11,21223,NY ISLANDERS,COLUMBUS
2015-04-11,21224,CAROLINA,DETROIT
2015-04-11,21225,TAMPA BAY,BOSTON
2015-04-11,21226,ST. LOUIS,MINNESOTA
2015-04-11,21227,DALLAS,NASHVILLE
2015-04-11,21228,COLORADO,CHICAGO
2015-04-11,21229,ARIZONA,ANAHEIM
2015-04-11,21230,VANCOUVER,EDMONTON
